{
    "Tags": [
        {
            "Tag": "Root",
            "MainColor": {
                "r": 1.0,
                "g": 1.0,
                "b": 1.0,
                "a": 1.0
            },
            "SecondaryColor": {
                "r": 0.4000000059604645,
                "g": 0.4000000059604645,
                "b": 0.4000000059604645,
                "a": 1.0
            },
            "Description": "The root tag"
        }
    ]
}